cascao_id,pac_id,pac_estado
3005,2816,programa-activo
3038,2849,caso-nuevo
3039,2850,caso-nuevo
3042,2853,programa-activo
3057,2868,caso-nuevo
3098,2908,programa-activo
3151,2961,programa-activo
3152,2962,programa-activo
3262,3072,programa-activo
3356,3166,programa-activo
3393,3203,programa-activo
3564,3374,programa-activo
3573,3383,programa-activo
3576,3386,revision-pendiente
3587,3397,programa-activo
3600,3410,caso-nuevo
3611,3421,caso-nuevo
3773,3583,programa-activo
3775,3585,rechazado-mmgyd
3778,3588,programa-activo
3801,3611,programa-activo
3809,3619,revision-pendiente
3816,3626,programa-activo
3889,3699,programa-activo
3891,3701,programa-activo
3893,3703,programa-activo
3921,3731,revision-pendiente
3924,3734,programa-activo
3932,3742,programa-activo
3939,3749,programa-activo
3961,3771,programa-activo
4056,3866,caso-nuevo
4061,3871,programa-activo
4068,3878,revision-pendiente
4195,4005,programa-activo
4196,4006,programa-activo
4198,4008,programa-activo
4199,4009,programa-activo
4201,4011,programa-completo
4447,4257,programa-activo
4706,4516,programa-activo
4742,4552,programa-activo
4782,4592,programa-activo
4840,4650,caso-nuevo
4844,4654,programa-activo
4852,4662,programa-activo
4858,4668,programa-activo
4863,4673,programa-activo
5093,4903,programa-activo
5096,4906,programa-activo
5100,4910,programa-activo
5146,4956,programa-activo
5154,4964,programa-activo
5354,5164,programa-activo
5363,5173,programa-activo
5454,5264,programa-activo
5464,5274,programa-activo
5468,5278,programa-activo
5474,5284,programa-activo
5485,5295,programa-activo
5498,5308,programa-activo
5508,5318,programa-activo
5691,5501,programa-activo
5707,5517,programa-activo
5731,5541,programa-activo
5741,5551,programa-activo
5752,5562,programa-activo
5758,5568,programa-activo
5841,5651,programa-activo
5854,5664,programa-activo
5870,5680,programa-activo
5875,5685,programa-activo
5891,5701,programa-activo
6026,5836,programa-activo
6034,5844,programa-activo
6160,5969,programa-activo
6414,6223,programa-activo
6512,6321,programa-activo
6655,6464,programa-activo
6722,6531,caso-nuevo
6830,6639,programa-activo
7480,7148,caso-nuevo
7495,7163,programa-activo
7513,7181,programa-activo
7653,7321,rechazado-mmgyd
8765,8379,programa-activo
8802,8388,programa-completo
8829,8393,programa-activo
8864,8414,programa-activo
9277,8555,programa-activo
9298,8576,programa-activo
9590,8868,programa-activo
10606,9884,programa-activo
10625,9903,programa-activo
10643,9921,programa-completo
12557,11835,programa-activo
12592,11870,programa-activo
13120,12398,programa-activo
14644,13921,programa-activo
21371,20645,programa-activo
21443,20717,caso-nuevo
22606,21880,programa-activo
22637,21911,programa-activo
22659,21933,programa-activo
22686,21960,programa-activo
22738,22012,programa-activo
22826,22100,caso-nuevo
23984,23256,programa-activo
24035,23307,programa-activo
24056,23328,programa-activo
24215,23487,programa-activo
24257,23529,programa-activo
25319,24590,programa-activo
25346,24617,programa-activo
25366,24637,programa-activo
25393,24664,rechazado-mmgyd
27091,26354,programa-activo
28671,27933,programa-activo
28691,27953,programa-activo
28729,27991,rechazado-mmgyd
28909,28171,programa-activo
29008,28270,programa-activo
36510,33862,programa-activo
36536,33888,programa-activo
36552,33903,programa-activo
36580,33931,programa-activo
36613,33964,programa-activo
36641,33992,programa-activo
36746,34097,programa-activo
36800,34151,programa-activo
36828,34179,rechazado-mmgyd
36853,34204,programa-activo
36917,34268,rechazado-mmgyd
36931,34282,programa-activo
36948,34299,programa-activo
36981,34332,programa-activo
37455,34806,programa-activo
37467,34818,programa-activo
37490,34841,programa-activo
37511,34862,programa-activo
37557,34908,programa-activo
37624,34975,programa-activo
38001,35352,programa-activo
38107,35458,rechazado-mmgyd
38158,35509,programa-activo
38167,35518,programa-activo
38206,35557,programa-activo
41200,38550,programa-activo
41405,38755,programa-activo
41498,38848,programa-activo
41899,39248,programa-activo
41927,39276,programa-activo
41945,39294,programa-activo
41964,39313,programa-activo
41973,39322,rechazado-mmgyd
41996,39345,programa-activo
42013,39362,programa-activo
42434,39782,programa-activo
42721,40068,programa-activo
42756,40103,programa-activo
42802,40149,programa-activo
43860,41205,programa-activo
43931,41276,programa-activo
44057,41402,programa-activo
44109,41454,programa-activo
44148,41493,caso-nuevo
44189,41534,programa-activo
44226,41570,programa-activo
44565,41909,programa-activo
44617,41961,programa-activo
44690,42034,programa-activo
44729,42073,programa-activo
44759,42102,programa-activo
44781,42124,programa-activo
44806,42149,programa-activo
45154,42497,programa-activo
45211,42554,rechazado-mmgyd
45310,42653,programa-activo
45361,42704,programa-activo
45481,42824,programa-activo
49556,46894,rechazado-mmgyd
49586,46924,programa-activo
49638,46974,programa-activo
49667,47003,programa-activo
49735,47071,programa-activo
49785,47121,programa-activo
49812,47148,programa-activo
49876,47212,programa-activo
50201,47537,programa-activo
50225,47561,programa-activo
50247,47583,programa-activo
50277,47613,programa-activo
50306,47642,programa-activo
50390,47726,programa-activo
50411,47747,programa-activo
52015,49326,programa-activo
52044,49355,programa-activo
52352,49659,programa-activo
52418,49725,programa-activo
52451,49758,programa-activo
53832,51137,programa-activo
53846,51151,rechazado-mmgyd
53858,51163,programa-activo
53863,51168,programa-activo
56133,53427,programa-completo
56320,53613,programa-activo
56349,53642,programa-completo
56382,53675,caso-nuevo
56841,54134,programa-activo
56873,54166,programa-activo
57066,54359,programa-activo
57119,54411,programa-activo
57452,54743,programa-activo
57465,54756,programa-activo
57480,54771,programa-activo
57498,54789,programa-activo
61847,59032,programa-activo
62090,59272,caso-nuevo
62348,59528,programa-activo
62368,59548,programa-activo
62384,59564,programa-activo
62406,59586,programa-activo
62420,59600,programa-activo
62435,59615,programa-activo
62457,59637,programa-activo
63812,60986,programa-activo
63867,61041,programa-activo
63908,61082,rechazado-mmgyd
64060,61234,programa-activo
64103,61277,programa-activo
64175,61349,programa-activo
64833,62007,caso-nuevo
64955,62129,programa-activo
65019,62193,programa-activo
65068,62242,programa-activo
65107,62281,programa-activo
65146,62320,programa-activo
65175,62349,programa-activo
65793,62966,programa-activo
65879,63052,rechazado-mmgyd
66038,63211,programa-activo
66230,63403,rechazado-mmgyd
66254,63427,programa-activo
66487,63649,programa-activo
66505,63667,programa-activo
66523,63684,programa-activo
66530,63691,programa-activo
66536,63697,programa-activo
66551,63712,programa-activo
66555,63716,programa-activo
66563,63724,programa-activo
67530,64691,programa-activo
68210,65370,programa-activo
68218,65378,programa-activo
68234,65394,programa-activo
68238,65398,programa-activo
68241,65401,programa-activo
68249,65409,programa-activo
68552,65712,programa-activo
68636,65796,programa-activo
68856,66015,programa-activo
68927,66086,programa-activo
69624,66782,programa-activo
69663,66821,programa-activo
69733,66890,programa-activo
69776,66933,programa-activo
69830,66987,programa-activo
69889,67046,programa-activo
69923,67080,caso-nuevo
69980,67137,programa-activo
70015,67172,programa-activo
70817,67974,programa-activo
70860,68017,programa-activo
70931,68088,programa-activo
71063,68220,caso-nuevo
71125,68282,programa-activo
71159,68316,programa-activo
71189,68346,programa-activo
71257,68414,programa-completo
71478,68632,programa-activo
71515,68669,programa-activo
71527,68681,programa-activo
71539,68693,programa-activo
71564,68718,programa-activo
71579,68733,programa-activo
71869,69023,programa-activo
71920,69074,programa-activo
72000,69154,rechazado-mmgyd
72103,69257,programa-activo
72217,69370,programa-activo
72363,69516,programa-activo
72442,69595,programa-activo
72502,69655,programa-completo
73671,70824,programa-activo
73698,70851,programa-activo
73768,70921,programa-completo
75291,72444,programa-activo
75324,72477,programa-activo
75345,72498,programa-activo
75362,72515,programa-activo
75385,72538,programa-activo
75392,72545,programa-completo
75405,72558,programa-activo
75415,72568,programa-activo
75429,72582,programa-activo
75436,72589,programa-activo
75498,72651,programa-activo
75509,72662,programa-activo
75696,72849,programa-activo
75935,73088,programa-activo
76550,73702,programa-activo
76559,73711,programa-activo
76571,73723,programa-activo
76575,73727,programa-activo
76585,73737,programa-activo
76596,73748,programa-activo
76619,73771,programa-completo
77535,74687,programa-activo
77591,74743,programa-activo
77638,74790,programa-activo
77679,74831,programa-activo
77724,74876,programa-activo
77745,74897,programa-activo
77761,74913,programa-activo
77776,74928,programa-activo
78812,75964,programa-activo
78875,76027,programa-activo
78936,76088,programa-activo
78953,76105,programa-activo
78961,76113,programa-completo
78966,76118,programa-activo
78974,76126,programa-activo
78984,76136,programa-activo
80127,77279,programa-activo
80147,77299,programa-activo
80175,77327,programa-activo
80226,77378,programa-activo
80260,77412,programa-activo
80286,77438,programa-activo
80323,77475,caso-nuevo
80348,77500,programa-activo
80365,77517,programa-activo
82313,79465,programa-activo
82346,79498,programa-activo
82363,79515,programa-activo
82391,79543,programa-activo
82401,79553,programa-activo
82424,79576,programa-activo
82460,79612,programa-activo
82486,79638,programa-activo
83318,80470,programa-activo
83369,80521,programa-activo
83407,80559,programa-activo
83439,80591,programa-activo
83453,80605,programa-activo
83465,80617,programa-activo
83510,80662,programa-activo
83515,80667,programa-completo
85205,82355,programa-activo
85222,82372,programa-activo
85418,82567,programa-activo
85443,82592,programa-activo
85481,82630,programa-activo
86351,83499,programa-activo
86361,83509,programa-activo
86376,83524,programa-activo
86394,83542,programa-activo
86418,83566,programa-completo
86869,84017,programa-activo
94262,90711,programa-activo
94274,90723,programa-activo
94284,90733,programa-activo
94296,90745,programa-activo
94997,91446,programa-activo
95031,91480,programa-activo
95114,91563,programa-activo
95123,91572,caso-nuevo
101248,97666,programa-activo
101337,97755,programa-activo
101364,97782,programa-activo
101385,97803,programa-activo
101399,97817,programa-activo
101436,97854,programa-activo
101450,97868,programa-activo
102517,98935,programa-activo
102555,98973,programa-activo
102623,99041,programa-activo
102695,99113,programa-activo
102762,99180,programa-activo
104466,100883,programa-activo
104509,100926,programa-activo
104523,100940,programa-activo
104534,100951,programa-activo
104554,100971,programa-activo
104575,100992,programa-activo
104607,101024,programa-activo
104621,101038,programa-activo
104632,101049,programa-activo
105030,101447,programa-activo
105059,101476,programa-activo
106544,102961,programa-activo
106567,102984,programa-activo
106577,102994,programa-activo
106587,103004,programa-activo
107202,103574,programa-activo
107235,103607,programa-activo
111325,107691,programa-activo
111387,107753,programa-activo
111401,107767,programa-activo
111415,107781,programa-activo
111434,107800,programa-activo
112085,108451,programa-activo
112097,108463,programa-activo
112106,108472,programa-activo
112113,108479,programa-activo
112119,108485,programa-activo
112135,108501,programa-activo
112149,108515,programa-activo
112169,108535,programa-activo
112176,108542,programa-activo
112180,108546,programa-activo
112197,108563,programa-activo
112201,108567,programa-activo
112205,108571,programa-activo
113177,109543,programa-activo
113200,109566,programa-activo
113221,109587,programa-activo
113246,109612,programa-activo
113266,109632,programa-activo
113296,109662,programa-activo
113315,109681,programa-activo
113326,109692,programa-activo
113338,109704,programa-activo
113366,109732,programa-activo
113372,109738,programa-activo
113915,110281,programa-activo
113957,110323,programa-activo
113998,110363,programa-activo
114016,110381,programa-activo
115037,111401,programa-activo
115052,111416,programa-activo
115061,111425,programa-activo
115067,111431,programa-activo
115077,111441,programa-activo
115096,111460,programa-activo
115100,111464,programa-activo
115108,111472,programa-activo
115889,112253,programa-activo
115910,112274,programa-activo
115970,112334,programa-activo
115980,112344,programa-activo
115993,112357,programa-activo
116009,112373,rechazado-mmgyd
116033,112397,programa-activo
116638,113002,programa-activo
116650,113014,programa-activo
116688,113052,programa-activo
119235,115597,programa-activo
121328,117689,programa-activo
121356,117717,programa-completo
121372,117733,programa-activo
121384,117744,programa-activo
121398,117758,programa-completo
121404,117764,programa-activo
121433,117793,programa-activo
121437,117797,programa-activo
121912,118272,programa-completo
121962,118321,programa-activo
122023,118382,programa-activo
122073,118432,programa-activo
122173,118532,programa-activo
122231,118590,caso-nuevo
122274,118633,programa-activo
122274,118633,programa-activo
122274,118633,programa-activo
122322,118681,programa-activo
122361,118720,caso-nuevo
122640,118997,programa-activo
122676,119033,programa-activo
122732,119089,programa-activo
122785,119142,caso-nuevo
122837,119194,programa-activo
122948,119305,programa-activo
123031,119388,programa-activo
123544,119901,caso-nuevo
123591,119948,programa-activo
123625,119982,programa-activo
123699,120056,programa-activo
123875,120232,programa-activo
123912,120269,programa-activo
123940,120297,programa-activo
124086,120443,programa-activo
124105,120462,caso-nuevo
124130,120487,programa-activo
124148,120505,programa-activo
124162,120519,programa-activo
124188,120545,programa-activo
125280,121637,programa-activo
125316,121673,programa-activo
125397,121754,programa-activo
125447,121804,programa-activo
125479,121836,programa-activo
125527,121884,programa-activo
125631,121988,programa-activo
125666,122023,programa-activo
125998,122353,programa-activo
126016,122371,programa-activo
126060,122415,programa-activo
126207,122562,programa-activo
126293,122648,programa-activo
126356,122711,programa-activo
126386,122741,programa-activo
126437,122792,programa-activo
126551,122906,caso-nuevo
126556,122911,caso-nuevo
126568,122923,caso-nuevo
126573,122928,programa-activo
128572,124924,caso-nuevo
128618,124970,programa-activo
131594,127937,programa-activo
131643,127986,programa-activo
131682,128025,rechazado-mmgyd
131706,128049,programa-activo
131736,128079,programa-activo
133133,129474,programa-activo
133150,129491,programa-activo
133184,129525,programa-activo
133234,129575,programa-activo
133455,129795,programa-activo
133998,130338,programa-activo
134030,130370,programa-activo
134055,130395,programa-activo
135336,131676,programa-activo
135353,131692,caso-nuevo
135361,131700,programa-activo
135372,131711,caso-nuevo
135381,131720,programa-activo
135394,131733,programa-activo
135419,131758,caso-nuevo
135425,131764,programa-activo
135436,131775,programa-activo
135441,131780,programa-activo
135457,131796,programa-completo
135470,131809,programa-activo
135485,131824,programa-activo
135491,131830,caso-nuevo
135502,131841,programa-activo
136484,132823,programa-activo
136505,132844,programa-activo
136528,132867,programa-activo
136567,132906,programa-activo
136610,132949,programa-activo
136777,133116,programa-activo
136806,133145,programa-activo
136831,133170,programa-activo
136851,133190,programa-activo
137216,133555,programa-activo
137251,133590,programa-activo
137326,133665,programa-activo
137396,133735,programa-activo
137441,133780,programa-activo
137494,133833,programa-activo
137535,133874,programa-activo
137564,133903,programa-activo
137748,134087,programa-activo
137757,134096,programa-activo
137768,134107,programa-activo
137776,134115,programa-activo
137783,134122,programa-activo
137794,134133,programa-completo
137810,134149,programa-activo
137815,134154,programa-activo
137935,134274,programa-activo
138786,135125,programa-activo
139172,135511,programa-activo
139192,135531,programa-activo
139212,135551,programa-activo
139795,136134,programa-activo
139815,136154,programa-activo
139824,136163,programa-activo
139837,136176,programa-activo
139854,136193,programa-activo
139868,136207,programa-activo
139892,136231,programa-activo
139899,136238,programa-activo
139919,136258,programa-activo
139952,136291,programa-activo
140925,137264,programa-activo
141016,137355,programa-activo
141049,137388,programa-activo
141074,137413,programa-activo
141993,138330,programa-activo
142015,138352,programa-activo
142029,138366,programa-completo
142051,138388,programa-activo
142068,138405,programa-activo
142084,138421,programa-activo
142362,138698,programa-activo
142400,138736,programa-activo
142424,138760,programa-activo
142437,138773,programa-activo
142568,138904,programa-activo
142583,138919,programa-activo
142595,138931,programa-activo
142603,138939,programa-activo
142613,138949,programa-activo
142746,139082,programa-activo
142783,139119,programa-activo
142813,139149,programa-activo
142865,139201,programa-activo
144239,140569,programa-activo
144262,140592,programa-activo
144280,140610,programa-activo
144322,140652,programa-activo
144365,140695,programa-activo
144423,140753,programa-activo
144700,141030,programa-activo
144735,141065,programa-activo
144874,141201,programa-activo
144886,141213,programa-activo
144896,141223,programa-activo
144908,141233,caso-nuevo
144915,141240,programa-completo
144929,141254,programa-activo
144945,141270,rechazado-mmgyd
144975,141300,programa-activo
144986,141311,programa-activo
144992,141317,programa-activo
145004,141329,programa-activo
145130,141455,programa-completo
145223,141548,programa-completo
145472,141788,programa-activo
145512,141827,programa-activo
145544,141859,programa-activo
145932,142247,programa-completo
145981,142296,caso-nuevo
146074,142389,programa-activo
146111,142426,programa-activo
146277,142592,programa-activo
146356,142671,programa-activo
146465,142780,programa-activo
146474,142789,programa-activo
146480,142795,rechazado-mmgyd
146492,142807,programa-activo
146507,142822,programa-activo
146524,142839,programa-activo
146536,142851,programa-activo
146545,142860,programa-activo
146557,142872,programa-activo
146724,143025,programa-activo
146784,143085,programa-activo
146983,143284,programa-activo
147187,143488,caso-nuevo
147189,143490,caso-nuevo
147794,144094,programa-activo
147831,144131,programa-activo
148633,144926,programa-activo
149322,145602,programa-activo
149348,145628,programa-activo
149387,145667,programa-activo
149434,145714,programa-completo
149657,145932,programa-activo
149690,145965,programa-activo
149725,146000,programa-activo
150393,146667,programa-completo
150416,146690,programa-activo
150534,146807,programa-activo
150585,146851,rechazado-mmgyd
150697,146963,programa-activo
150764,147030,programa-activo
150832,147098,programa-activo
150864,147130,programa-activo
152079,148309,programa-activo
152099,148329,programa-activo
152121,148351,programa-activo
152153,148383,programa-activo
152164,148394,programa-activo
152224,148454,programa-activo
152242,148472,programa-activo
152251,148481,programa-activo
152266,148496,programa-activo
153208,149438,programa-activo
153219,149449,programa-activo
153294,149524,programa-activo
153336,149566,programa-activo
153702,149931,programa-activo
153758,149987,programa-activo
153772,150001,programa-activo
153786,150015,programa-activo
153804,150033,programa-activo
154133,150362,programa-activo
154219,150448,programa-activo
154681,150904,programa-activo
154698,150921,programa-activo
154714,150937,programa-activo
154723,150946,programa-activo
154732,150955,programa-activo
154762,150985,solicitud-compatible
154779,151002,programa-activo
154788,151011,programa-activo
154797,151020,programa-completo
154810,151033,programa-activo
155124,151347,programa-activo
155152,151375,programa-activo
156668,152891,programa-completo
156760,152983,programa-completo
156801,153024,programa-completo
156828,153051,programa-completo
156881,153104,programa-completo
156909,153132,programa-completo
156933,153156,rechazado-mmgyd
156953,153176,programa-activo
156963,153186,programa-activo
156973,153196,programa-completo
157346,153567,programa-completo
157362,153583,programa-completo
157410,153631,programa-completo
157461,153682,programa-activo
159036,155235,programa-completo
159047,155246,programa-completo
159102,155301,programa-completo
159141,155340,programa-completo
159185,155384,programa-completo
159292,155491,programa-completo
159381,155580,programa-completo
159945,156141,programa-completo
160000,156196,programa-completo
160310,156506,programa-completo
160343,156539,programa-completo
160391,156587,programa-completo
160433,156629,programa-completo
160475,156671,programa-completo
160506,156702,programa-completo
160830,157024,programa-completo
160862,157051,programa-completo
160882,157071,programa-completo
162097,158286,programa-completo
162116,158305,programa-completo
162348,158535,programa-activo
162381,158568,programa-completo
162424,158611,programa-completo
162454,158641,programa-completo
162491,158678,programa-completo
162517,158704,programa-completo
162536,158723,programa-completo
162674,158861,programa-completo
162686,158873,programa-completo
162698,158885,programa-completo
162710,158897,programa-completo
162726,158913,programa-completo
162731,158918,programa-completo
162736,158923,programa-activo
162742,158929,programa-completo
162745,158932,rechazado-mmgyd
162747,158934,caso-nuevo
162755,158942,programa-completo
162761,158948,rechazado-mmgyd
162836,159023,programa-completo
162854,159041,programa-completo
162875,159062,programa-completo
162942,159129,programa-completo
162995,159182,programa-completo
163146,159333,programa-completo
163174,159361,programa-completo
163220,159407,programa-completo
163262,159449,programa-completo
163291,159478,programa-completo
164129,160314,programa-activo
164214,160399,programa-completo
164254,160439,programa-completo
164282,160467,programa-completo
164322,160507,programa-completo
164394,160579,programa-completo
164442,160627,programa-completo
164485,160670,programa-completo
164585,160770,programa-completo
164623,160808,caso-nuevo
164680,160865,programa-completo
164950,161135,programa-completo
164965,161150,programa-completo
165000,161185,programa-completo
165042,161227,programa-completo
165700,161885,programa-completo
165792,161977,rechazado-mmgyd
165838,162023,programa-completo
166204,162323,programa-completo
167583,163686,programa-completo
167590,163693,caso-nuevo
167610,163713,programa-completo
167737,163839,programa-completo
167755,163857,programa-completo
167824,163917,programa-completo
167909,164000,programa-completo
167976,164065,programa-completo
168015,164104,programa-completo
168038,164127,programa-completo
168046,164135,programa-completo
168385,164408,programa-completo
168402,164417,programa-completo
168415,164430,programa-completo
168445,164460,programa-completo
168475,164490,programa-completo
168498,164512,programa-completo
168558,164572,caso-nuevo
168659,164669,programa-completo
168700,164710,programa-completo
168724,164734,programa-completo
168757,164766,programa-completo
169043,165045,programa-completo
169049,165051,programa-completo
169057,165059,programa-completo
169095,165097,programa-completo
169125,165127,programa-completo
169152,165154,programa-completo
169196,165181,programa-completo
169215,165200,programa-completo
169281,165264,programa-completo
169354,165331,programa-completo
169563,165525,programa-completo
169566,165528,programa-completo
169571,165533,programa-completo
169610,165572,programa-completo
169633,165595,programa-completo
169673,165635,programa-completo
169909,165855,programa-completo
170186,166112,programa-completo
170304,166220,programa-completo
170328,166244,programa-completo
170353,166269,programa-completo
170798,166703,programa-activo
170801,166705,programa-completo
170807,166711,programa-completo
170814,166718,programa-completo
170835,166738,programa-completo
170851,166754,programa-completo
170867,166770,programa-completo
170945,166845,programa-completo
170968,166867,programa-completo
171429,167279,programa-completo
171436,167286,programa-completo
171444,167294,revision-pendiente
171468,167318,caso-nuevo
171537,167386,programa-completo
171588,167436,programa-completo
171614,167461,programa-completo
171655,167495,programa-completo
171693,167524,programa-completo
171806,167618,programa-completo
171827,167639,programa-completo
172218,167872,programa-completo
172221,167875,programa-completo
172231,167885,programa-completo
172240,167894,programa-completo
172252,167906,programa-completo
172276,167930,programa-completo
172384,168037,programa-completo
172502,168129,caso-nuevo
172662,168231,programa-completo
172694,168263,programa-completo
172936,168477,caso-nuevo
172946,168487,programa-completo
172976,168516,programa-completo
172996,168536,caso-nuevo
173002,168542,programa-completo
173014,168554,programa-completo
173055,168595,programa-completo
173166,168682,programa-completo
173224,168717,programa-completo
173267,168758,programa-completo
173300,168791,programa-completo
173687,169176,caso-nuevo
173691,169180,programa-completo
173704,169193,programa-completo
173711,169200,programa-completo
173724,169213,programa-completo
173732,169221,caso-nuevo
173772,169261,programa-completo
173800,169289,programa-completo
173827,169316,programa-activo
173854,169343,programa-completo
173879,169368,programa-completo
173920,169409,programa-completo
173944,169433,programa-completo
173960,169449,programa-completo
174013,169500,programa-completo
174029,169516,programa-activo
174242,169726,programa-completo
174244,169728,programa-completo
174245,169729,programa-activo
174248,169732,programa-completo
174255,169739,programa-completo
174505,169924,programa-completo
174533,169952,caso-nuevo
174633,170050,programa-completo
174972,170389,programa-completo
174973,170390,rechazado-mmgyd
174974,170391,programa-completo
174977,170394,programa-completo
174996,170413,programa-completo
175212,170596,programa-completo
175234,170617,programa-completo
175270,170653,programa-completo
175317,170698,programa-completo
175407,170788,programa-completo
175725,171106,programa-completo
175726,171107,caso-nuevo
175728,171109,programa-completo
175732,171113,programa-activo
175739,171120,programa-completo
175777,171146,programa-completo
175811,171166,programa-completo
176016,171353,programa-completo
176069,171395,programa-completo
176139,171453,programa-completo
176167,171481,programa-completo
176197,171509,programa-completo
176214,171526,programa-completo
176503,171813,programa-completo
176504,171814,programa-completo
176507,171817,programa-completo
176509,171819,programa-completo
176514,171824,programa-completo
176521,171831,programa-completo
176529,171839,programa-completo
176544,171854,caso-nuevo
176615,171910,caso-nuevo
176676,171970,programa-completo
176732,172026,programa-completo
176766,172060,programa-completo
176849,172143,programa-completo
176878,172172,programa-completo
176973,172264,programa-completo
177418,172683,programa-completo
177420,172685,programa-completo
177451,172716,programa-completo
177469,172733,programa-completo
177494,172757,programa-completo
177531,172787,programa-completo
177592,172837,programa-completo
177649,172892,caso-nuevo
177730,172973,programa-completo
177767,173010,programa-completo
177820,173063,programa-completo
177888,173129,programa-completo
178164,173377,programa-completo
178173,173386,programa-completo
178183,173396,programa-completo
178217,173414,programa-completo
178254,173435,programa-completo
178288,173458,programa-completo
178327,173497,programa-completo
178424,173594,programa-completo
178456,173626,programa-completo
178571,173741,programa-completo
178610,173780,programa-completo
178630,173800,programa-completo
178919,174061,programa-completo
178923,174065,programa-completo
178928,174070,programa-completo
178933,174075,programa-completo
178983,174116,programa-completo
179040,174169,programa-completo
179115,174244,programa-completo
179150,174279,caso-nuevo
179224,174353,programa-completo
179327,174456,caso-nuevo
179513,174638,programa-completo
179518,174643,programa-completo
179524,174649,programa-completo
179537,174662,programa-completo
179542,174667,programa-completo
179560,174685,programa-completo
179607,174732,programa-completo
179644,174769,programa-completo
180245,175316,programa-completo
180249,175320,programa-completo
180261,175332,programa-completo
180280,175351,programa-completo
180295,175366,programa-completo
180327,175398,programa-completo
180380,175451,programa-completo
180414,175484,programa-completo
180596,175666,programa-completo
180646,175716,programa-completo
180679,175749,programa-completo
180715,175785,programa-completo
180725,175795,caso-nuevo
181038,176107,programa-completo
181046,176115,programa-completo
181051,176120,programa-completo
181058,176127,programa-completo
181075,176144,programa-completo
181092,176161,programa-completo
181226,176280,programa-completo
181795,176846,programa-completo
181807,176858,programa-completo
181815,176866,programa-completo
181834,176885,programa-completo
181900,176930,programa-completo
182129,177123,programa-completo
182210,177199,programa-completo
183274,178226,programa-completo
183279,178231,programa-completo
183284,178236,programa-completo
183295,178247,programa-activo
183310,178262,caso-nuevo
183326,178278,rechazado-mmgyd
183476,178424,programa-completo
183809,178754,programa-completo
183857,178801,caso-nuevo
183888,178830,programa-completo
183917,178859,programa-completo
183985,178926,programa-completo
184022,178963,programa-completo
184060,179001,programa-completo
184111,179052,programa-completo
184190,179129,programa-completo
184220,179158,programa-completo
184652,179560,programa-completo
184655,179563,programa-completo
184658,179566,programa-completo
184663,179571,programa-completo
184672,179580,programa-completo
184686,179594,caso-nuevo
184726,179615,programa-completo
184749,179638,programa-completo
184805,179691,programa-completo
184881,179742,programa-completo
184915,179776,programa-completo
184974,179835,programa-completo
185011,179871,programa-completo
185120,179978,programa-completo
185203,180060,programa-completo
185234,180091,programa-completo
185259,180116,programa-completo
185518,180373,programa-completo
185525,180380,programa-completo
185533,180388,programa-completo
185547,180402,programa-completo
185567,180422,programa-completo
185612,180466,programa-completo
185922,180736,programa-completo
186008,180820,programa-completo
186046,180858,programa-completo
186101,180908,programa-completo
186134,180941,programa-completo
186152,180958,programa-completo
186177,180981,programa-completo
186522,181290,programa-completo
186528,181296,programa-completo
186545,181313,programa-completo
186567,181335,programa-completo
186677,181440,programa-completo
186719,181481,programa-completo
186824,181586,programa-completo
186883,181644,programa-completo
187093,181809,programa-completo
187124,181839,programa-completo
187501,182142,programa-completo
187510,182151,programa-completo
187519,182160,programa-completo
187536,182177,programa-completo
187545,182186,revision-pendiente
187587,182228,rechazado-mmgyd
187620,182261,programa-completo
187659,182299,programa-completo
187856,182461,programa-completo
187969,182534,programa-completo
188103,182627,programa-completo
188419,182937,programa-completo
188426,182944,programa-completo
188438,182956,programa-completo
188448,182966,programa-completo
188471,182989,programa-completo
188533,183024,programa-activo
188596,183087,programa-completo
188650,183141,programa-completo
188729,183220,programa-completo
188804,183294,programa-completo
188837,183327,programa-completo
188915,183405,programa-completo
189333,183815,programa-completo
189335,183817,programa-completo
189343,183825,programa-completo
189356,183838,programa-completo
189388,183869,caso-nuevo
189421,183898,programa-completo
189445,183922,programa-completo
189558,184035,programa-completo
189622,184099,programa-completo
189702,184179,programa-completo
189817,184291,programa-completo
190037,184505,programa-completo
190050,184518,programa-activo
190064,184532,programa-completo
190072,184540,programa-completo
190107,184575,programa-completo
190204,184662,programa-completo
190515,184969,programa-completo
190588,185042,programa-completo
190936,185364,programa-activo
190993,185409,programa-activo
191066,185482,programa-completo
191453,185868,programa-completo
191721,186134,programa-completo
191738,186151,programa-completo
191753,186166,programa-completo
191766,186178,programa-completo
191785,186197,programa-activo
191830,186242,programa-completo
191907,186319,programa-completo
191955,186360,programa-completo
192036,186404,programa-completo
192137,186505,programa-completo
192232,186596,programa-completo
192258,186622,programa-completo
192273,186636,programa-activo
192281,186644,programa-completo
192298,186660,programa-completo
192532,186889,programa-completo
192641,186998,programa-completo
192666,187023,programa-completo
192757,187113,programa-completo
192789,187145,programa-completo
192830,187186,programa-completo
192864,187219,programa-completo
192908,187263,programa-completo
192954,187309,programa-completo
192965,187320,programa-completo
192987,187342,programa-completo
193519,187873,caso-nuevo
193521,187875,programa-completo
193551,187904,programa-completo
193624,187977,programa-completo
193967,188302,programa-completo
194013,188346,programa-completo
194457,188753,programa-completo
194495,188791,programa-completo
194607,188857,programa-completo
194641,188891,programa-completo
194919,189164,programa-completo
194971,189215,programa-completo
195076,189320,programa-completo
195504,189713,programa-completo
195510,189719,programa-completo
195554,189763,programa-completo
195602,189811,programa-completo
195740,189948,programa-completo
195805,189981,programa-completo
195845,190021,programa-completo
195895,190070,programa-completo
195949,190124,programa-completo
196007,190181,programa-completo
196055,190229,programa-completo
196553,190720,programa-completo
196683,190850,caso-nuevo
196760,190926,programa-completo
197750,191902,programa-completo
197888,192030,programa-completo
197924,192066,programa-completo
197970,192112,programa-completo
198037,192179,programa-completo
198075,192217,programa-completo
198443,192579,programa-completo
198467,192603,programa-completo
198538,192673,programa-completo
198601,192736,programa-activo
198669,192775,rechazado-mmgyd
198712,192818,programa-completo
198813,192919,caso-nuevo
198847,192953,programa-completo
198877,192982,programa-completo
198910,193014,programa-completo
198940,193043,programa-completo
198976,193079,programa-completo
199262,193344,programa-completo
199279,193361,programa-completo
199312,193394,programa-completo
199344,193426,programa-completo
199378,193460,programa-completo
199440,193522,programa-completo
199526,193608,programa-completo
199651,193702,programa-completo
199707,193752,programa-completo
199755,193773,programa-completo
199772,193790,rechazado-mmgyd
199804,193822,programa-completo
200244,194249,programa-completo
200288,194293,programa-completo
200307,194312,programa-completo
200384,194378,programa-completo
200411,194404,programa-completo
200479,194472,programa-completo
200527,194520,programa-completo
200549,194542,programa-completo
200658,194651,programa-completo
200672,194665,programa-completo
200688,194681,programa-completo
200836,194828,solicitud-compatible
200840,194832,programa-completo
200852,194844,programa-completo
200924,194916,programa-completo
201007,194970,programa-completo
201109,195058,programa-completo
201120,195069,programa-completo
201129,195078,programa-completo
201135,195084,programa-completo
201141,195090,programa-completo
201308,195257,programa-activo
201326,195275,programa-completo
201402,195350,programa-completo
201466,195414,programa-completo
201692,195638,programa-completo
201770,195716,programa-completo
201825,195752,programa-completo
201844,195771,programa-completo
202188,196079,caso-nuevo
202215,196106,programa-completo
202243,196134,programa-completo
202261,196152,programa-completo
202286,196177,programa-completo
202333,196224,programa-completo
202398,196289,programa-completo
202704,196574,programa-completo
202780,196620,programa-completo
202972,196805,programa-completo
202981,196814,programa-completo
203009,196842,programa-completo
203034,196865,programa-completo
203691,197518,rechazado-mmgyd
203730,197557,programa-completo
203816,197643,programa-completo
203904,197731,programa-completo
203940,197767,programa-completo
203940,197767,programa-completo
203940,197767,programa-completo
203940,197767,programa-completo
203977,197803,programa-completo
204360,198185,programa-completo
204382,198207,programa-completo
204403,198228,programa-completo
204540,198365,programa-completo
204551,198376,programa-completo
204564,198389,programa-completo
204576,198401,programa-completo
204590,198415,programa-completo
204600,198425,programa-completo
204611,198436,programa-completo
204628,198453,programa-completo
204637,198462,programa-completo
204649,198474,programa-completo
204747,198572,programa-completo
204772,198597,programa-completo
204796,198621,programa-activo
204846,198671,programa-completo
205017,198836,programa-completo
205073,198891,programa-completo
205169,198986,programa-activo
205384,199200,programa-completo
205424,199240,programa-completo
205454,199270,programa-completo
205890,199700,caso-nuevo
205901,199711,programa-completo
205931,199740,programa-completo
205976,199782,programa-completo
206085,199885,programa-completo
206137,199937,programa-completo
206190,199988,programa-completo
206298,200095,programa-completo
206368,200165,programa-completo
206433,200230,programa-completo
206534,200330,caso-nuevo
206559,200355,programa-completo
206616,200406,programa-activo
206922,200692,programa-completo
206932,200702,programa-completo
206960,200730,programa-completo
207062,200824,programa-completo
207092,200852,programa-completo
207124,200883,programa-completo
207157,200916,programa-completo
207303,201060,programa-completo
207335,201091,programa-completo
207373,201129,programa-completo
207488,201244,programa-completo
207562,201318,programa-completo
211787,202379,programa-completo
211927,202416,programa-completo
212079,202460,programa-completo
212234,202502,programa-completo
212287,202523,programa-completo
212307,202532,programa-completo
213791,203189,programa-completo
214121,203324,programa-completo
215633,204246,programa-completo
215798,204291,programa-completo
216104,204390,programa-completo
216277,204484,caso-nuevo
216410,204584,programa-activo
216528,204655,programa-completo
216724,204762,programa-completo
216818,204810,programa-completo
216853,204837,programa-completo
216881,204863,programa-completo
216906,204882,programa-activo
216920,204894,programa-completo
217143,205063,programa-completo
217192,205108,programa-completo
217269,205181,programa-completo
217506,205413,programa-completo
217529,205436,programa-completo
217559,205465,programa-completo
217604,205510,programa-completo
218068,205953,programa-completo
218114,205997,programa-completo
218294,206170,programa-completo
218355,206230,programa-completo
218412,206287,caso-nuevo
218506,206381,programa-completo
218592,206464,programa-completo
218675,206547,programa-completo
218775,206646,caso-nuevo
218843,206714,programa-completo
218887,206758,programa-completo
218902,206773,programa-completo
218922,206793,programa-completo
218949,206819,programa-completo
219387,207236,programa-completo
219422,207270,programa-completo
219457,207305,programa-completo
219522,207369,programa-completo
219552,207399,programa-completo
219617,207449,programa-completo
219694,207505,programa-completo
219762,207571,programa-completo
219870,207647,programa-completo
219943,207699,programa-completo
219989,207741,programa-completo
220078,207828,programa-completo
220133,207864,programa-completo
220173,207903,programa-completo
220627,208332,caso-nuevo
220728,208433,programa-completo
220791,208496,programa-completo
220914,208617,programa-completo
220981,208681,rechazado-mmgyd
221044,208744,programa-completo
221076,208774,programa-completo
221125,208823,programa-completo
221140,208837,programa-completo
221578,209256,programa-completo
221648,209326,programa-completo
222124,209795,programa-completo
223088,210745,programa-completo
223415,211035,programa-completo
223490,211090,programa-completo
223559,211157,programa-completo
223625,211223,programa-completo
223641,211239,programa-completo
224053,211610,programa-completo
224136,211690,programa-completo
224225,211779,programa-completo
224279,211832,programa-completo
224593,212143,programa-completo
224606,212156,programa-completo
224617,212167,programa-completo
224634,212184,programa-activo
224634,212184,programa-activo
224634,212184,programa-activo
224653,212203,programa-completo
224662,212212,programa-completo
225376,212898,programa-completo
225504,213017,caso-nuevo
225522,213035,caso-nuevo
226115,213617,programa-completo
226163,213665,programa-completo
226259,213761,programa-completo
226369,213839,programa-completo
226434,213895,programa-completo
226499,213960,programa-completo
227130,214527,programa-completo
227194,214589,programa-completo
227339,214729,programa-completo
227432,214820,programa-completo
227534,214922,programa-completo
227634,215013,programa-completo
227675,215047,caso-nuevo
227725,215096,programa-completo
227756,215127,programa-completo
228296,215658,programa-completo
228328,215690,programa-activo
228377,215738,programa-completo
228444,215805,programa-completo
228501,215862,programa-completo
228631,215983,programa-completo
228692,216044,programa-completo
228740,216092,programa-completo
228892,216202,programa-completo
228991,216256,programa-completo
229034,216297,programa-completo
229093,216356,programa-activo
229122,216384,programa-completo
229145,216407,programa-completo
229162,216423,programa-completo
229725,216967,programa-completo
229783,217024,programa-completo
229882,217122,programa-completo
230029,217262,programa-completo
230150,217377,programa-activo
230236,217457,programa-completo
230278,217497,rechazado-mmgyd
230315,217531,programa-completo
230619,217798,programa-completo
230639,217818,programa-completo
230649,217828,programa-completo
230662,217841,programa-completo
230677,217856,programa-completo
230700,217879,programa-completo
230730,217908,solicitud-compatible
230817,217995,programa-completo
230859,218026,programa-completo
230928,218085,programa-completo
230974,218131,programa-completo
231027,218184,programa-completo
231248,218362,programa-completo
231317,218429,programa-completo
231397,218506,programa-completo
231504,218610,programa-completo
231585,218689,programa-activo
231611,218714,programa-completo
232619,219676,programa-completo
232698,219755,programa-completo
232812,219868,programa-completo
232862,219918,programa-completo
232939,219995,programa-completo
233044,220098,programa-completo
233173,220227,programa-completo
233247,220301,programa-completo
233321,220375,programa-activo
233344,220398,programa-completo
233380,220433,caso-nuevo
233397,220448,programa-completo
233808,220834,programa-completo
233833,220859,programa-completo
233904,220930,programa-completo
233938,220964,programa-completo
233967,220993,programa-completo
234002,221028,programa-completo
234057,221082,programa-completo
234092,221117,caso-nuevo
234222,221247,programa-completo
234281,221287,programa-activo
234305,221308,programa-completo
234323,221326,programa-completo
234544,221501,programa-completo
234560,221517,programa-completo
234583,221540,programa-completo
234606,221563,programa-completo
234622,221579,programa-completo
234643,221600,programa-completo
234654,221611,programa-completo
234665,221622,programa-completo
234678,221635,programa-completo
234686,221643,programa-completo
234694,221650,programa-completo
234910,221866,programa-completo
235170,222125,caso-nuevo
235375,222329,programa-completo
235450,222404,programa-completo
235486,222440,programa-completo
235528,222482,programa-completo
235560,222514,programa-activo
235589,222543,programa-completo
235615,222569,programa-completo
235635,222589,programa-completo
236208,223136,programa-completo
236336,223262,programa-completo
236588,223479,programa-completo
236770,223639,programa-completo
236777,223646,programa-completo
236785,223654,programa-completo
236802,223671,programa-completo
236817,223686,programa-completo
236847,223716,programa-completo
236852,223721,programa-completo
236857,223726,programa-completo
236859,223728,programa-completo
236867,223736,programa-completo
236874,223743,programa-completo
237084,223952,programa-completo
237118,223986,programa-completo
237203,224071,programa-completo
237250,224117,programa-completo
237389,224255,programa-completo
238011,224872,caso-nuevo
238048,224907,programa-completo
238080,224936,programa-completo
238155,225009,programa-completo
238286,225137,programa-completo
238383,225228,programa-completo
238732,225474,caso-nuevo
238780,225519,programa-completo
238819,225556,programa-completo
239221,225949,rechazado-mmgyd
239279,226006,programa-completo
239345,226071,programa-completo
239381,226106,programa-completo
239431,226153,programa-completo
239496,226186,programa-completo
239562,226248,caso-nuevo
239624,226310,programa-completo
239678,226362,programa-completo
239716,226400,programa-completo
239795,226465,programa-completo
239867,226525,programa-completo
239938,226594,programa-completo
239972,226628,programa-completo
239990,226646,programa-completo
240419,227074,programa-completo
240544,227199,programa-completo
240611,227266,programa-completo
240663,227317,programa-completo
240890,227542,programa-completo
240979,227629,programa-completo
241037,227682,programa-completo
241065,227709,programa-completo
241079,227722,programa-completo
241276,227895,programa-completo
241290,227909,programa-completo
241297,227916,programa-completo
241308,227927,programa-completo
241323,227942,programa-completo
241335,227954,programa-completo
241344,227963,programa-completo
241349,227968,programa-completo
241353,227972,programa-activo
241362,227981,programa-completo
241366,227985,programa-completo
241699,228316,programa-completo
241817,228429,rechazado-mmgyd
242097,228707,programa-completo
242138,228748,programa-completo
242157,228766,programa-completo
242174,228782,programa-completo
242367,228971,programa-activo
242380,228984,programa-completo
242397,229001,programa-completo
242406,229010,programa-completo
242411,229015,programa-completo
242428,229032,programa-completo
242438,229042,caso-nuevo
242444,229048,programa-completo
242891,229490,programa-completo
243658,230222,programa-completo
243680,230242,programa-completo
243704,230265,programa-completo
243774,230335,programa-completo
243827,230386,programa-completo
243872,230430,programa-completo
243920,230477,programa-completo
243962,230516,programa-completo
244067,230606,programa-completo
244111,230649,programa-completo
244139,230676,programa-completo
244175,230708,programa-completo
244211,230743,programa-completo
244249,230777,programa-completo
244283,230810,programa-completo
244305,230832,programa-completo
244330,230855,programa-completo
246168,231319,programa-completo
246217,231367,programa-completo
246263,231413,programa-completo
246329,231478,programa-completo
246401,231550,programa-activo
246489,231638,caso-nuevo
246548,231697,programa-completo
246610,231747,programa-completo
246643,231779,programa-completo
246670,231806,programa-completo
246848,231969,programa-activo
246853,231974,programa-completo
246865,231986,programa-completo
246881,232002,programa-completo
246897,232018,programa-completo
246916,232037,programa-completo
246923,232044,programa-completo
246932,232053,programa-completo
246939,232060,programa-activo
246947,232068,programa-completo
246951,232072,programa-completo
247051,232172,programa-completo
247070,232191,programa-completo
247089,232210,programa-completo
247129,232250,programa-activo
247214,232333,programa-completo
247244,232363,programa-completo
247283,232402,programa-completo
247311,232429,programa-completo
247404,232522,programa-completo
247527,232634,programa-completo
247577,232684,programa-completo
247605,232711,programa-completo
247646,232752,programa-completo
247666,232772,programa-completo
247684,232790,caso-nuevo
247971,233073,programa-completo
248060,233162,caso-nuevo
248101,233203,programa-completo
248158,233260,programa-activo
248198,233299,programa-completo
248242,233331,programa-completo
248345,233434,programa-completo
248385,233474,rechazado-mmgyd
248436,233525,programa-completo
248481,233570,programa-completo
248556,233645,programa-completo
248596,233685,programa-completo
248612,233701,programa-completo
248633,233722,programa-completo
248654,233743,programa-completo
248789,233861,programa-completo
248796,233868,programa-completo
248807,233879,programa-completo
248823,233895,programa-completo
248834,233906,programa-completo
248840,233912,programa-completo
248846,233918,programa-completo
248855,233927,programa-completo
248860,233932,programa-completo
248868,233940,programa-completo
248875,233947,programa-completo
248881,233953,programa-completo
248889,233961,programa-completo
248896,233968,programa-completo
248902,233974,programa-activo
249092,234164,programa-completo
249267,234338,caso-nuevo
249996,235050,programa-completo
250038,235092,programa-completo
250175,235229,programa-completo
250303,235357,programa-activo
250395,235448,programa-completo
250457,235510,programa-completo
250600,235651,programa-completo
251031,236075,programa-completo
251073,236108,programa-completo
251141,236173,programa-completo
251191,236223,caso-nuevo
251246,236276,programa-completo
251325,236353,programa-completo
251368,236395,rechazado-mmgyd
251395,236422,programa-completo
251454,236481,programa-completo
251485,236512,programa-completo
251534,236561,programa-completo
251549,236576,programa-completo
251576,236600,programa-completo
251615,236636,caso-nuevo
251634,236654,programa-completo
251650,236670,programa-completo
251657,236676,programa-completo
251663,236681,programa-activo
251677,236695,programa-activo
251861,236846,programa-completo
251957,236931,programa-completo
252033,237003,programa-completo
252148,237117,programa-activo
252311,237278,programa-completo
252345,237312,programa-completo
252369,237336,programa-completo
252833,237755,programa-completo
252846,237768,programa-completo
253286,238183,programa-completo
253371,238266,programa-completo
254310,239183,programa-completo
254341,239214,programa-completo
254405,239278,programa-completo
254448,239321,programa-completo
254527,239398,programa-completo
254601,239472,programa-completo
254795,239663,programa-completo
254872,239740,caso-nuevo
255317,240183,caso-nuevo
255345,240211,programa-completo
255460,240324,programa-completo
255835,240672,programa-completo
255869,240706,programa-completo
255909,240742,programa-completo
256575,241327,rechazado-mmgyd
256622,241374,programa-completo
256768,241519,programa-completo
257588,242314,programa-completo
257595,242321,programa-completo
257605,242331,programa-completo
257611,242337,programa-completo
257767,242493,programa-completo
257825,242551,programa-completo
258016,242741,programa-completo
258076,242801,programa-completo
258119,242844,programa-completo
258197,242921,programa-completo
258231,242955,programa-completo
258263,242986,programa-completo
258887,243594,programa-completo
258931,243638,programa-completo
259055,243762,programa-completo
259163,243869,programa-completo
259220,243926,rechazado-mmgyd
259311,244017,programa-completo
259379,244069,programa-completo
259544,244159,programa-completo
259667,244235,programa-completo
259737,244284,programa-completo
259756,244303,programa-completo
259777,244324,programa-completo
259808,244355,programa-completo
259827,244374,programa-completo
259839,244386,programa-completo
260321,244806,programa-completo
260430,244913,caso-nuevo
260487,244959,programa-completo
260553,245024,programa-completo
260609,245080,programa-completo
260666,245137,programa-completo
260720,245190,programa-completo
260755,245224,programa-completo
260775,245244,programa-completo
260801,245270,programa-completo
260827,245296,programa-completo
260864,245333,programa-completo
260907,245376,programa-completo
260940,245408,programa-completo
260992,245457,programa-completo
261010,245475,programa-activo
261025,245490,programa-completo
261034,245499,programa-completo
261064,245518,programa-completo
261098,245552,caso-nuevo
261110,245564,programa-completo
261119,245573,programa-activo
261408,245858,rechazado-mmgyd
261448,245898,programa-completo
261507,245956,programa-completo
261601,246050,programa-completo
261631,246080,programa-completo
261677,246126,programa-completo
261712,246161,programa-completo
261739,246188,programa-completo
261776,246223,caso-nuevo
261836,246283,programa-completo
261931,246377,programa-completo
261980,246426,programa-completo
262044,246488,programa-completo
262112,246556,programa-completo
262128,246572,programa-completo
262182,246625,programa-completo
262201,246644,programa-completo
262224,246667,rechazado-mmgyd
262258,246693,programa-completo
262277,246705,programa-completo
262289,246717,programa-completo
262304,246732,programa-completo
262321,246749,programa-completo
262326,246754,programa-completo
262335,246763,programa-completo
262344,246772,programa-completo
262354,246782,programa-completo
262365,246793,programa-completo
262544,246972,programa-completo
262619,247046,programa-completo
262650,247076,programa-completo
262711,247137,programa-completo
262844,247266,programa-completo
262882,247304,programa-activo
262939,247356,programa-completo
262950,247367,programa-completo
262969,247385,programa-activo
262983,247399,programa-completo
262993,247409,programa-completo
263009,247425,programa-completo
263025,247441,rechazado-mmgyd
263038,247454,programa-completo
263054,247470,programa-completo
263068,247484,programa-completo
263241,247652,programa-completo
263245,247656,programa-completo
263247,247658,programa-completo
263248,247659,programa-completo
263250,247661,programa-completo
263253,247664,programa-completo
263521,247930,programa-completo
263567,247976,programa-activo
263620,248029,programa-completo
263724,248133,programa-completo
263750,248159,programa-completo
263789,248198,programa-completo
263859,248268,programa-completo
263922,248331,programa-completo
263980,248389,programa-completo
264019,248428,programa-completo
264128,248535,programa-completo
264167,248574,programa-completo
264195,248602,programa-completo
264279,248686,programa-completo
264294,248701,programa-completo
264304,248711,programa-completo
264326,248733,programa-completo
264361,248759,programa-completo
264372,248770,programa-completo
264385,248783,programa-completo
264403,248800,programa-completo
264421,248818,programa-completo
264452,248849,programa-completo
264466,248863,programa-completo
264487,248884,programa-completo
264504,248901,programa-completo
264522,248919,programa-completo
264652,249049,programa-activo
264655,249052,programa-completo
264743,249138,programa-completo
264781,249176,programa-completo
264839,249231,programa-completo
264881,249271,programa-completo
264950,249319,programa-completo
265031,249373,programa-activo
265153,249444,programa-completo
265231,249488,programa-completo
265297,249539,programa-completo
265337,249563,programa-completo
265400,249626,programa-completo
265463,249685,programa-completo
265530,249746,programa-completo
265559,249771,caso-nuevo
265577,249788,programa-completo
265588,249799,programa-completo
265620,249827,programa-completo
265647,249846,programa-completo
265663,249861,programa-completo
265674,249872,programa-completo
265693,249891,programa-completo
265707,249904,programa-activo
265720,249917,programa-completo
265731,249927,programa-completo
265750,249946,programa-completo
265760,249956,programa-completo
266033,250227,programa-completo
266066,250260,programa-completo
266183,250374,programa-completo
266326,250514,programa-activo
266378,250564,programa-completo
266400,250585,programa-completo
266455,250629,programa-completo
266516,250690,programa-completo
266559,250733,programa-completo
266595,250766,programa-completo
266604,250775,programa-completo
266622,250793,programa-activo
266633,250802,programa-completo
266648,250814,programa-activo
266666,250826,programa-completo
266675,250835,programa-completo
266689,250849,programa-completo
266696,250856,programa-completo
266707,250867,programa-completo
266865,251024,programa-completo
266910,251068,programa-completo
266935,251093,programa-completo
266995,251153,programa-completo
267023,251180,programa-completo
267130,251284,programa-activo
267208,251361,programa-completo
267297,251450,programa-completo
267355,251505,caso-nuevo
267402,251550,programa-completo
267446,251594,programa-completo
267484,251632,caso-nuevo
267496,251644,programa-completo
267534,251682,programa-completo
267562,251710,programa-completo
267602,251741,programa-completo
267635,251768,programa-completo
267649,251782,programa-completo
267663,251795,rechazado-mmgyd
267686,251818,programa-completo
267701,251833,programa-completo
267711,251843,programa-activo
267722,251854,programa-completo
267733,251865,caso-nuevo
267769,251901,programa-completo
267780,251912,programa-completo
267873,252005,programa-completo
267981,252113,programa-completo
268000,252132,programa-completo
268152,252284,programa-completo
268238,252368,caso-nuevo
268652,252773,programa-completo
268763,252881,programa-completo
268859,252973,programa-completo
268932,253045,programa-completo
269002,253114,programa-completo
269049,253161,programa-completo
269182,253290,programa-completo
269198,253304,programa-completo
269211,253316,programa-completo
269237,253341,rechazado-mmgyd
269737,253825,programa-completo
269898,253984,programa-activo
270109,254193,programa-completo
270179,254261,programa-completo
270208,254290,programa-completo
270229,254311,programa-completo
270248,254330,programa-completo
270534,254612,programa-completo
270607,254676,programa-completo
270673,254739,programa-completo
270754,254815,programa-completo
270927,254988,programa-completo
271105,255164,programa-completo
271124,255183,programa-activo
271149,255205,programa-completo
271175,255231,programa-completo
271189,255245,programa-completo
271226,255282,programa-completo
271242,255298,programa-completo
271493,255545,programa-activo
271551,255603,programa-completo
271623,255674,programa-completo
271737,255785,programa-completo
271800,255847,programa-completo
271871,255917,programa-completo
271936,255981,programa-completo
271978,256022,caso-nuevo
272020,256064,programa-completo
272065,256099,programa-completo
272096,256116,programa-completo
272106,256126,programa-completo
272125,256144,programa-completo
272136,256155,programa-activo
272148,256167,programa-completo
272256,256275,programa-completo
272259,256278,programa-completo
272263,256282,programa-completo
272265,256284,programa-completo
272267,256286,programa-completo
272319,256338,caso-nuevo
272321,256340,caso-nuevo
272387,256406,programa-completo
272449,256468,programa-completo
272566,256583,programa-completo
272724,256739,programa-completo
274220,258194,programa-completo
274267,258241,programa-completo
274321,258292,programa-completo
274344,258313,programa-completo
274374,258343,programa-completo
274449,258417,programa-completo
274550,258517,programa-completo
274609,258575,programa-completo
274715,258680,caso-nuevo
275053,259017,programa-completo
275083,259042,programa-completo
275106,259065,programa-completo
275127,259086,programa-completo
275165,259124,programa-completo
275183,259142,caso-nuevo
275262,259221,caso-nuevo
275607,259562,programa-completo
275682,259637,programa-completo
275704,259659,caso-nuevo
275812,259765,programa-completo
275881,259815,programa-completo
275901,259835,programa-completo
275981,259914,programa-completo
276003,259936,programa-completo
276054,259985,programa-completo
276144,260073,programa-completo
276183,260112,programa-completo
276205,260133,programa-completo
276226,260153,programa-completo
276234,260161,programa-completo
276259,260186,programa-completo
276273,260200,programa-completo
276285,260212,programa-completo
276301,260228,caso-nuevo
276891,260812,programa-completo
276912,260834,programa-completo
276939,260859,programa-completo
276973,260890,programa-completo
277008,260924,programa-completo
277049,260965,programa-completo
277086,261001,caso-nuevo
277142,261056,programa-completo
277202,261114,caso-nuevo
277272,261183,programa-completo
277334,261245,caso-nuevo
277386,261296,programa-completo
277500,261409,programa-completo
277525,261434,programa-completo
277556,261465,programa-completo
277951,261844,programa-activo
277961,261853,programa-completo
278007,261899,programa-completo
278081,261973,programa-completo
278127,262018,programa-completo
278187,262077,programa-completo
278226,262116,programa-completo
278255,262143,programa-completo
278329,262216,programa-completo
278363,262250,programa-completo
278449,262336,programa-completo
278509,262392,programa-completo
278557,262439,rechazado-mmgyd
278580,262462,programa-completo
278606,262488,programa-completo
278654,262535,programa-activo
278993,262870,programa-completo
279048,262925,programa-completo
279086,262963,programa-completo
279132,263009,programa-completo
279165,263042,programa-completo
279190,263067,programa-completo
279226,263102,programa-completo
279268,263144,programa-activo
279320,263195,programa-completo
279396,263270,programa-completo
279455,263329,programa-completo
279512,263385,programa-completo
279543,263414,programa-completo
279565,263436,programa-completo
279600,263469,caso-nuevo
279637,263505,caso-nuevo
280027,263885,programa-completo
280046,263904,solicitud-compatible
280067,263925,caso-nuevo
280075,263933,programa-activo
280092,263950,programa-activo
280111,263968,programa-completo
280134,263991,programa-completo
280161,264018,programa-completo
280205,264046,programa-completo
280284,264123,programa-completo
280355,264193,caso-nuevo
280409,264247,programa-completo
280442,264280,programa-completo
280466,264304,programa-completo
280512,264350,programa-completo
280554,264392,programa-activo
280578,264416,programa-completo
280603,264441,programa-completo
281225,265057,programa-completo
281236,265068,programa-completo
281242,265074,programa-completo
281267,265099,programa-activo
281297,265128,programa-activo
281330,265161,rechazado-mmgyd
281362,265193,programa-completo
281388,265218,programa-activo
281407,265237,programa-completo
281435,265265,programa-completo
281449,265279,programa-completo
281475,265305,programa-completo
281507,265337,programa-completo
281527,265356,programa-completo
281599,265427,programa-completo
281637,265461,programa-completo
281656,265480,programa-completo
281896,265718,caso-nuevo
281918,265740,programa-completo
281935,265757,programa-completo
281945,265767,programa-completo
281964,265786,programa-completo
282044,265865,programa-completo
282095,265913,programa-completo
282141,265959,caso-nuevo
282209,266026,programa-completo
282249,266064,programa-completo
282306,266121,programa-completo
282334,266149,programa-completo
282354,266168,programa-completo
282371,266183,programa-completo
282412,266223,programa-completo
282434,266245,caso-nuevo
282455,266266,programa-completo
282474,266285,programa-completo
282485,266296,programa-completo
282886,266672,programa-completo
282893,266679,programa-completo
282899,266685,programa-completo
282928,266714,programa-completo
283089,266874,programa-completo
283198,266980,programa-completo
283215,266997,programa-completo
283289,267067,programa-completo
283380,267141,programa-completo
283394,267154,programa-completo
283799,267554,programa-completo
283814,267569,programa-completo
283834,267584,programa-completo
283868,267618,programa-completo
283931,267674,programa-completo
283951,267693,programa-completo
283981,267722,programa-completo
284009,267749,programa-completo
284044,267783,caso-nuevo
284067,267803,programa-completo
284472,268080,caso-nuevo
284499,268107,programa-completo
284531,268139,programa-completo
284573,268167,programa-completo
284685,268230,programa-completo
284805,268293,programa-completo
284865,268325,programa-completo
284980,268396,programa-completo
285003,268413,programa-completo
285058,268466,programa-completo
285086,268494,programa-completo
285134,268542,programa-completo
285167,268575,caso-nuevo
285179,268587,programa-completo
285243,268649,programa-completo
285259,268665,caso-nuevo
285261,268667,programa-completo
285270,268676,programa-completo
285294,268700,programa-completo
285747,269146,programa-completo
285756,269155,programa-completo
285766,269165,programa-completo
285786,269185,programa-completo
286092,269487,programa-completo
286143,269538,programa-completo
286194,269588,programa-completo
286277,269671,programa-activo
286349,269742,programa-completo
286370,269762,caso-nuevo
286377,269768,programa-completo
286399,269788,programa-completo
286426,269813,programa-completo
286773,270142,solicitud-compatible
286785,270154,programa-completo
286801,270170,programa-completo
286833,270200,programa-completo
286861,270227,programa-completo
286913,270278,programa-completo
286965,270328,programa-completo
287011,270371,programa-completo
287086,270445,programa-completo
287193,270536,programa-completo
287243,270586,caso-nuevo
287257,270600,programa-completo
287287,270630,programa-completo
287352,270695,programa-completo
287389,270731,programa-activo
287407,270749,programa-completo
287429,270770,programa-completo
287516,270856,programa-completo
287547,270886,programa-completo
287597,270918,programa-completo
287615,270936,programa-completo
287632,270953,programa-completo
287654,270974,programa-completo
287688,270987,programa-completo
287700,270996,programa-completo
287917,271209,programa-completo
287974,271264,programa-completo
288022,271312,solicitud-compatible
288120,271406,programa-completo
288146,271432,programa-completo
288240,271523,programa-completo
288288,271570,programa-completo
288326,271608,programa-completo
288392,271673,caso-nuevo
288417,271698,programa-completo
288445,271724,programa-completo
288468,271747,programa-completo
288482,271760,programa-completo
288509,271786,programa-completo
289750,272978,caso-nuevo
289817,273037,programa-completo
289908,273127,programa-completo
290221,273438,programa-completo
290239,273456,programa-completo
290804,274004,programa-completo
290968,274159,programa-completo
291546,274727,programa-completo
291596,274774,programa-completo
291646,274821,programa-completo
291691,274863,programa-completo
291727,274897,programa-completo
291764,274932,programa-completo
291833,275001,programa-completo
291925,275090,programa-completo
292005,275167,programa-completo
292044,275197,programa-completo
292095,275246,programa-completo
292104,275254,programa-completo
292127,275277,programa-completo
292163,275294,caso-nuevo
292611,275710,programa-completo
292683,275755,programa-completo
292723,275792,programa-activo
292759,275819,programa-completo
292846,275892,programa-completo
292877,275922,programa-completo
292942,275983,programa-completo
292993,276031,programa-completo
293058,276094,programa-completo
293092,276128,programa-completo
293112,276148,programa-completo
293456,276456,caso-nuevo
293489,276488,programa-completo
293515,276513,programa-completo
293569,276567,programa-completo
293604,276599,solicitud-compatible
293664,276655,programa-completo
293816,276799,programa-completo
293855,276838,programa-completo
293906,276888,programa-completo
293924,276905,programa-completo
293951,276929,programa-completo
293962,276940,programa-completo
293974,276952,programa-completo
293987,276964,programa-completo
295060,277972,programa-completo
295065,277977,programa-completo
295071,277983,programa-completo
295085,277996,programa-completo
295108,278012,programa-completo
295161,278054,programa-completo
295237,278128,programa-completo
295264,278155,programa-completo
295885,278725,programa-completo
295963,278800,programa-completo
295997,278834,programa-completo
296028,278865,programa-completo
296055,278890,programa-completo
296089,278923,programa-completo
296121,278955,programa-completo
296137,278971,programa-completo
296161,278995,programa-completo
296194,279027,programa-completo
296220,279053,programa-completo
296260,279092,programa-completo
296287,279118,programa-completo
296359,279188,programa-completo
296377,279206,programa-completo
296399,279228,programa-completo
296413,279241,programa-completo
296753,279550,programa-completo
296860,279655,programa-completo
296978,279769,programa-completo
297047,279836,programa-completo
297090,279877,rechazado-mmgyd
297170,279952,caso-nuevo
297240,279984,programa-completo
297269,279997,programa-completo
297554,280252,caso-nuevo
297564,280262,caso-nuevo
297617,280315,programa-completo
297650,280348,programa-completo
297761,280456,programa-completo
297839,280534,caso-nuevo
297964,280657,programa-completo
298317,280993,programa-completo
298436,281112,programa-completo
298483,281159,programa-completo
298556,281232,programa-completo
298582,281258,programa-completo
298638,281314,programa-completo
298662,281338,programa-completo
299041,281689,programa-completo
299043,281691,programa-completo
299355,282000,programa-completo
299408,282051,programa-completo
299481,282121,programa-completo
299577,282211,caso-nuevo
299614,282247,programa-completo
299635,282268,programa-activo
299641,282274,programa-completo
299658,282291,programa-completo
299904,282535,programa-activo
299923,282554,programa-completo
299942,282571,programa-completo
299980,282609,programa-completo
300044,282662,programa-completo
300086,282702,programa-completo
300165,282779,caso-nuevo
300226,282836,solicitud-compatible
300264,282873,programa-activo
300306,282912,programa-completo
300345,282950,programa-completo
300416,283020,programa-activo
300440,283044,programa-completo
300481,283080,programa-activo
300520,283111,programa-completo
300858,283419,programa-completo
300884,283444,programa-activo
300941,283495,programa-completo
300965,283518,caso-nuevo
300973,283526,programa-completo
301030,283568,programa-completo
301068,283605,programa-completo
301115,283651,caso-nuevo
301120,283656,programa-completo
301186,283721,programa-completo
301209,283744,programa-completo
301287,283822,programa-completo
301330,283864,caso-nuevo
301381,283914,programa-completo
301441,283971,programa-completo
301474,284004,programa-completo
301499,284028,programa-completo
301518,284045,programa-activo
301861,284383,rechazado-mmgyd
301872,284394,caso-nuevo
301876,284398,programa-completo
301887,284409,caso-nuevo
301888,284410,programa-completo
301920,284442,programa-completo
301974,284495,programa-completo
302079,284598,programa-completo
302115,284634,programa-completo
302132,284651,programa-activo
302160,284679,programa-completo
302181,284700,programa-completo
302200,284719,programa-completo
302266,284784,programa-completo
302328,284845,programa-completo
302477,284992,programa-completo
302507,285022,rechazado-mmgyd
302534,285049,programa-completo
302841,285331,programa-completo
302847,285337,programa-completo
302856,285346,programa-completo
302867,285357,programa-completo
302891,285381,programa-completo
302936,285425,programa-completo
302995,285483,programa-completo
303020,285508,programa-completo
303049,285535,programa-completo
303077,285563,programa-completo
303119,285605,programa-completo
303211,285675,programa-completo
303301,285759,programa-completo
303336,285794,programa-completo
303362,285820,caso-nuevo
303432,285889,caso-nuevo
303442,285899,programa-completo
303461,285918,programa-completo
303489,285946,programa-completo
303730,286164,caso-nuevo
303732,286166,programa-completo
303733,286167,programa-completo
303734,286168,caso-nuevo
303895,286329,programa-completo
303903,286337,caso-nuevo
303934,286368,programa-completo
303980,286414,caso-nuevo
304056,286489,programa-completo
304174,286605,programa-completo
304205,286634,programa-completo
304229,286658,programa-completo
304278,286705,programa-completo
304304,286727,programa-completo
304339,286761,programa-completo
304368,286790,caso-nuevo
304391,286812,programa-activo
304417,286838,programa-completo
304440,286859,programa-completo
304492,286910,programa-activo
304502,286919,programa-completo
304510,286927,programa-completo
304518,286934,programa-activo
304525,286941,programa-completo
304535,286951,programa-completo
304542,286957,programa-completo
304785,287195,programa-completo
304796,287206,caso-nuevo
304800,287210,programa-completo
304815,287225,programa-completo
304866,287258,caso-nuevo
304874,287266,programa-activo
304909,287300,programa-completo
304941,287332,programa-completo
304956,287347,programa-activo
304979,287369,programa-completo
304995,287385,programa-completo
305091,287477,programa-completo
305123,287509,programa-completo
305165,287551,programa-completo
305208,287594,programa-completo
305255,287640,programa-completo
305294,287679,programa-completo
305326,287711,programa-completo
305360,287745,programa-completo
305394,287779,programa-completo
305419,287803,programa-completo
305438,287822,programa-completo
305462,287846,programa-completo
305477,287861,programa-completo
305494,287877,programa-completo
305530,287900,programa-activo
305857,288219,programa-completo
305868,288230,programa-completo
305942,288302,programa-completo
305995,288354,rechazado-mmgyd
306097,288453,programa-completo
306136,288488,programa-completo
306166,288518,programa-completo
306193,288545,programa-completo
306237,288588,programa-completo
306258,288609,programa-completo
306299,288649,programa-completo
306417,288763,programa-completo
306474,288819,programa-completo
306499,288842,programa-completo
306521,288863,programa-completo
306543,288885,programa-completo
306563,288905,programa-completo
306915,289251,programa-activo
306924,289260,programa-activo
306955,289291,programa-completo
306980,289315,caso-nuevo
306999,289333,programa-completo
307017,289351,programa-completo
307046,289379,programa-activo
307078,289410,programa-completo
307108,289440,caso-nuevo
307112,289444,programa-completo
307144,289476,programa-completo
307176,289507,programa-activo
307215,289545,caso-nuevo
307217,289547,programa-completo
307248,289578,programa-completo
307280,289608,programa-completo
307319,289644,programa-completo
307335,289660,caso-nuevo
307358,289683,programa-completo
307436,289760,programa-completo
307780,290071,programa-activo
307785,290076,programa-completo
307814,290105,programa-completo
307865,290154,programa-completo
307924,290210,caso-nuevo
307940,290225,programa-completo
308044,290322,programa-completo
308069,290347,programa-completo
308101,290379,programa-activo
308157,290434,programa-completo
308200,290472,programa-completo
308272,290541,programa-completo
308290,290558,programa-completo
308299,290567,programa-completo
308319,290585,programa-completo
308503,290762,programa-completo
308515,290773,caso-nuevo
308521,290779,caso-nuevo
308526,290784,caso-nuevo
308532,290790,rechazado-mmgyd
308672,290929,programa-activo
308677,290934,programa-completo
308690,290947,programa-completo
308712,290969,programa-completo
308742,290999,programa-completo
308771,291028,programa-completo
308821,291076,programa-completo
308852,291107,caso-nuevo
308878,291130,programa-completo
308899,291151,programa-completo
308940,291192,programa-completo
308966,291217,caso-nuevo
308970,291221,programa-completo
308999,291247,programa-completo
309033,291276,caso-nuevo
309060,291302,programa-completo
309164,291398,caso-nuevo
309166,291400,programa-completo
309217,291444,programa-completo
338979,296624,caso-nuevo
340955,298454,programa-activo
399081,300310,caso-nuevo
399099,300328,caso-nuevo
399103,300332,caso-nuevo
399110,300339,caso-nuevo
399117,300346,caso-nuevo
399628,300827,programa-activo
400265,301328,programa-activo
400436,301488,programa-activo
400620,301656,caso-nuevo
400634,301669,caso-nuevo
400999,302020,programa-activo
401056,302068,programa-activo
401073,302082,caso-nuevo
401092,302101,caso-nuevo
401106,302115,programa-activo
401157,302163,programa-activo
401185,302191,programa-activo
401231,302236,programa-activo
401307,302309,programa-activo
401443,302441,caso-nuevo
401446,302444,caso-nuevo
401449,302447,caso-nuevo
401450,302448,programa-activo
401492,302490,programa-activo
401523,302513,caso-nuevo
401652,302637,caso-nuevo
401657,302642,caso-nuevo
401705,302686,programa-activo
401891,302810,programa-activo
401899,302818,programa-activo
401913,302832,programa-activo
402296,303149,programa-activo
402637,303486,caso-nuevo
402860,303681,programa-activo
403017,303830,caso-nuevo
403039,303852,programa-activo
403596,304380,programa-activo
403888,304643,programa-activo
404230,304927,programa-activo
404477,305165,programa-activo
404710,305391,programa-activo
404731,305412,caso-nuevo
404780,305461,caso-nuevo
404785,305466,programa-activo
405046,305729,programa-activo
405390,306051,caso-nuevo
405666,306314,caso-nuevo
405694,306339,programa-activo
405938,306558,caso-nuevo
407934,306893,caso-nuevo
409472,308306,programa-activo
409490,308321,programa-activo
409744,308565,caso-nuevo
409863,308668,caso-nuevo
409912,308717,programa-activo
409947,308751,programa-activo
409983,308780,caso-nuevo
410004,308794,caso-nuevo
410146,308930,caso-nuevo
410163,308944,programa-activo
410419,309192,programa-activo
410434,309206,programa-activo
410586,309356,programa-activo
410618,309386,caso-nuevo
410810,309563,programa-activo
410861,309609,programa-activo
410908,309652,programa-activo
411162,309888,rechazado-mmgyd
411178,309904,programa-activo
411189,309915,programa-activo
411201,309927,caso-nuevo
411224,309949,programa-activo
411247,309962,programa-activo
411287,310001,programa-activo
411326,310039,programa-activo
411368,310081,programa-activo
411416,310130,programa-activo
411458,310170,programa-activo
411514,310225,programa-activo
411605,310310,programa-activo
411718,310403,programa-activo
411773,310452,programa-activo
411796,310474,programa-activo
412416,311011,programa-activo
412566,311041,programa-activo
412588,311056,programa-activo
412602,311068,caso-nuevo
412638,311101,programa-activo
412687,311147,programa-activo
412714,311172,programa-activo
412747,311205,programa-activo
412763,311220,programa-activo
412773,311230,programa-activo
413010,311445,programa-activo
413040,311474,programa-activo
413082,311514,programa-activo
413157,311587,programa-activo
413266,311695,programa-activo
413307,311738,programa-activo
413354,311782,programa-activo
413375,311802,caso-nuevo
413402,311828,programa-activo
413418,311841,programa-activo
413431,311854,programa-activo
413597,312006,caso-nuevo
413598,312007,programa-activo
413607,312016,caso-nuevo
413616,312025,programa-activo
413624,312033,caso-nuevo
413654,312064,programa-activo
413661,312071,programa-activo
413666,312076,programa-activo
413702,312111,programa-activo
413846,312245,programa-activo
413942,312336,caso-nuevo
414019,312407,programa-activo
414078,312463,programa-activo
414142,312523,programa-activo
414201,312579,programa-activo
414229,312603,programa-activo
414250,312622,programa-activo
414526,312864,programa-activo
414565,312901,programa-activo
414634,312969,programa-activo
414674,313007,programa-activo
414766,313095,programa-activo
414889,313201,programa-activo
414931,313238,programa-activo
414975,313280,programa-activo
414994,313298,programa-activo
415010,313315,caso-nuevo
415019,313322,programa-activo
415026,313327,programa-activo
415033,313333,programa-activo
415036,313337,programa-activo
415042,313342,programa-activo
415071,313368,programa-activo
415091,313387,caso-nuevo
415092,313388,programa-activo
415107,313403,programa-activo
415120,313416,caso-nuevo
415121,313417,caso-nuevo
415202,313499,programa-activo
415203,313500,programa-activo
415207,313503,programa-activo
415211,313507,programa-activo
415216,313512,programa-activo
415224,313520,programa-activo
415239,313534,programa-activo
415257,313551,programa-activo
415273,313568,programa-activo
415308,313604,programa-activo
415341,313638,programa-activo
415357,313654,programa-activo
415389,313685,programa-activo
415413,313707,programa-activo
415436,313729,programa-activo
415459,313751,programa-activo
415476,313769,programa-activo
415926,314191,programa-activo
415930,314195,programa-activo
415932,314197,caso-nuevo
415934,314199,programa-activo
415945,314209,programa-activo
415984,314247,programa-activo
416077,314336,programa-activo
416137,314391,programa-activo
416195,314447,programa-activo
416285,314506,programa-activo
416333,314549,programa-activo
416362,314577,programa-activo
416384,314597,programa-activo
416397,314610,revision-pendiente
416407,314619,programa-activo
416423,314632,programa-activo
416431,314639,programa-activo
416756,314951,programa-activo
416775,314970,programa-activo
416795,314991,programa-activo
416812,315008,revision-pendiente
416834,315030,programa-activo
416856,315050,programa-activo
416922,315109,programa-activo
416941,315126,caso-nuevo
416997,315180,caso-nuevo
417005,315188,programa-activo
417023,315206,programa-activo
417165,315339,programa-activo
417402,315414,programa-activo
417411,315423,programa-activo
417645,315638,caso-nuevo
417665,315657,programa-activo
417695,315687,programa-activo
417750,315740,programa-activo
417814,315794,programa-activo
417862,315839,programa-activo
418025,315906,programa-activo
418072,315957,programa-activo
418121,316004,programa-activo
418163,316040,caso-nuevo
418167,316044,programa-activo
418197,316076,caso-nuevo
418201,316079,caso-nuevo
418203,316081,programa-activo
418215,316093,programa-activo
418237,316113,programa-activo
418469,316341,programa-activo
418528,316396,programa-activo
418578,316443,programa-activo
418632,316494,programa-activo
418684,316544,programa-activo
418724,316584,programa-activo
418756,316614,programa-activo
418781,316636,programa-activo
418817,316671,programa-activo
418844,316699,programa-activo
418849,316704,programa-activo
418865,316720,programa-activo
418873,316728,programa-activo
418885,316740,programa-activo
418897,316752,programa-activo
418906,316761,rechazado-mmgyd
418911,316766,programa-activo
418919,316773,programa-activo
418928,316781,programa-activo
418931,316784,caso-nuevo
418932,316785,programa-activo
418936,316789,programa-activo
418945,316798,caso-nuevo
418953,316806,programa-activo
418957,316810,programa-activo
418959,316812,programa-activo
418987,316840,programa-activo
418996,316849,programa-activo
419064,316916,programa-activo
419092,316944,programa-activo
419119,316970,programa-activo
419139,316990,programa-activo
419166,317017,programa-activo
419188,317040,programa-activo
419212,317064,programa-activo
419241,317092,programa-activo
419264,317113,programa-activo
419323,317137,programa-activo
419354,317164,programa-activo
419738,317522,programa-activo
419742,317526,programa-activo
419745,317529,programa-activo
419772,317554,programa-activo
419783,317564,programa-activo
419815,317595,caso-nuevo
419896,317662,programa-activo
419930,317695,programa-activo
419969,317734,programa-activo
420004,317771,programa-activo
420030,317798,programa-activo
420072,317841,programa-activo
420111,317878,caso-nuevo
420116,317883,programa-activo
420131,317899,programa-activo
420158,317927,caso-nuevo
420793,318537,programa-activo
420857,318596,programa-activo
420898,318634,programa-activo
420995,318716,programa-activo
421089,318790,programa-activo
421131,318827,programa-activo
421417,319075,programa-activo
422492,320109,caso-nuevo
422549,320165,caso-nuevo
422555,320171,programa-activo
422618,320234,caso-nuevo
422632,320248,programa-activo
422677,320289,programa-activo
422721,320334,programa-activo
422732,320345,programa-activo
422744,320355,programa-activo
422760,320361,programa-activo
423071,320375,programa-activo
423084,320388,programa-activo
423409,320697,programa-activo
423444,320733,programa-activo
423469,320755,programa-activo
423530,320806,caso-nuevo
423532,320808,caso-nuevo
423580,320854,caso-nuevo
424102,321351,programa-activo
424150,321398,caso-nuevo
424207,321453,programa-activo
424347,321581,programa-activo
424410,321636,caso-nuevo
424424,321648,caso-nuevo
424449,321668,caso-nuevo
424511,321713,programa-activo
424542,321743,caso-nuevo
427610,323400,caso-nuevo
427631,323419,programa-activo
427890,323641,programa-activo
427905,323656,programa-activo
428120,323862,caso-nuevo
428189,323927,programa-activo
428277,324007,caso-nuevo
428279,324009,caso-nuevo
429443,325114,caso-nuevo
429632,325284,programa-activo
429879,325519,programa-activo
429897,325537,programa-activo
429986,325619,programa-activo
430179,325804,programa-activo
430326,325942,programa-activo
957643,411676,revision
962605,416408,revision
970667,424368,caso-nuevo
972880,426527,caso-nuevo
978244,431829,revision
984985,438445,revision
985154,438609,revision
988400,441768,caso-nuevo
991486,444743,revision
992500,445601,caso-nuevo
995999,448960,caso-nuevo
996007,448967,caso-nuevo
998776,451651,caso-nuevo
1007320,456069,revision
1007542,456220,caso-nuevo
1007695,456313,revision
1012359,458632,caso-nuevo
